CustomerID,Recency,Monetary
15749.0,235,21535.9
13135.0,196,3096.0
12755.0,249,2203.1999999999994
14828.0,196,2139.76
16754.0,372,2002.4
16698.0,226,1998.0
14935.0,297,1784.7099999999998
12818.0,178,1517.8799999999999
17152.0,194,1503.5
12770.0,210,1351.4499999999998
