CustomerID,Frequency,Monetary
17949.0,79,52750.840000000004
17857.0,56,26763.339999999997
16333.0,45,26626.8
18092.0,90,9065.759999999998
17306.0,69,8600.73
12989.0,68,6854.51
16353.0,94,6675.710000000001
15694.0,79,6423.6
15903.0,75,5126.339999999999
15187.0,93,4670.080000000001
